{"cameraMode":{"drawMode":0,"name":"Shaded","section":"Shading Mode"},"sceneLighting":true,"audioPlay":false,"sceneViewState":{"m_AlwaysRefresh":false,"showFog":true,"showSkybox":true,"showFlares":true,"showImageEffects":true,"showParticleSystems":true,"showVisualEffectGraphs":true,"m_FxEnabled":true},"in2DMode":false,"pivot":{"x":-0.21323999762535096,"y":7.246072769165039,"z":-0.03388214111328125},"rotation":{"x":-0.002250015502795577,"y":-0.00299998396076262,"z":-0.000007475065558537608,"w":0.9999840259552002},"size":9.263765335083008,"orthographic":false}